Workbook

Sheet Catálogo
A1: RETROTARROS — Catálogo de juegos (6 meses)
A2: Clasificación por año, generación, consola y saga · Música icónica de cada gen
A4: N° Ep | B4: Mes | C4: Juego | D4: Saga | E4: Año | F4: Generación | G4: Consola original | H4: Otras plataformas | I4: Compositor(es) | J4: Tema para Koko (batería) | K4: Estado | L4: Notas
A5: 1 | B5: Mes 1 | C5: Super Mario Bros. | D5: Super Mario | E5: 1985 | F5: 3ra | G5: NES | H5: Múltiples re-lanzamientos (NSO, Switch Online) | I5: Koji Kondo | J5: Overworld Theme | K5: Planificado | L5: Inicio seguro. El tema más reconocible del planeta. Función: enseñar el formato.
A6: 2 | B6: Mes 1 | C6: Castlevania | D6: Castlevania | E6: 1986 | F6: 3ra | G6: NES | H6: Famicom Disk System original (1986); NES NA 1987 | I6: Kinuyo Yamashita | J6: Vampire Killer / Bloody Tears | K6: Planificado | L6: OST rock/metal — ideal para batería. Salto temprano al diferencial del canal.
A7: 3 | B7: Mes 1 | C7: The Legend of Zelda | D7: The Legend of Zelda | E7: 1986 | F7: 3ra | G7: NES | H7: Famicom Disk original; multiplataforma (NSO) | I7: Koji Kondo | J7: Main Theme / Overworld | K7: Planificado | L7: Kondo desde otro ángulo: composición orquestal vs. la de Mario.
A8: 4 | B8: Mes 2 | C8: Final Fantasy VI | D8: Final Fantasy | E8: 1994 | F8: 4ta | G8: SNES | H8: PS1, GBA, móvil, Switch, PC | I8: Nobuo Uematsu | J8: Terra's Theme | K8: Por decidir (opción A) | L8: Decisión: VI o VII según qué pueda interpretar mejor Koko.
A9: 4* | B9: Mes 2 | C9: Final Fantasy VII | D9: Final Fantasy | E9: 1997 | F9: 5ta | G9: PS1 | H9: PC, modernas múltiples | I9: Nobuo Uematsu | J9: One-Winged Angel | K9: Alternativa | L9: Más mainstream que FF VI. Batería épica en el cierre.
A10: 5 | B10: Mes 2 | C10: Mega Man | D10: Mega Man (clásico) | E10: 1987 | F10: 3ra | G10: NES | H10: Multiplataforma (Legacy Collection) | I10: Manami Matsumae | J10: Dr. Wily Stage 1 | K10: Planificado | L10: Cada stage es prácticamente un tema rockero. Vuelta al formato corto y enérgico.
A11: 6 | B11: Mes 2 | C11: [Indie Lat #1] — por definir | D11: — | E11: — | F11: — | G11: — | H11: — | I11: A definir con el dev | J11: Tema principal del juego | K11: Por definir | L11: Primer Indie Lat. Apuntar a dev chico/accesible (Chile, Argentina, Uruguay).
A12: 7 | B12: Mes 3 | C12: Chrono Trigger | D12: Chrono | E12: 1995 | F12: 4ta | G12: SNES | H12: PS1, DS, móvil, PC | I12: Yasunori Mitsuda + Nobuo Uematsu | J12: Corridors of Time | K12: Planificado | L12: Culto absoluto. Desafío técnico que la audiencia aplaude.
A13: 8 | B13: Mes 3 | C13: Sonic the Hedgehog | D13: Sonic | E13: 1991 | F13: 4ta | G13: Genesis | H13: Mega Drive (mismo hardware); Origins, multiplataforma | I13: Masato Nakamura | J13: Green Hill Zone | K13: Planificado | L13: Contraprogramación a Mario. Sonic 3 tiene historia con Michael Jackson.
A14: 9 | B14: Mes 3 | C14: [Indie Lat #2] — por definir | D14: — | E14: — | F14: — | G14: — | H14: — | I14: A definir con el dev | J14: Tema principal del juego | K14: Por definir | L14: Con un Indie Lat hecho, podemos llegar con portafolio a devs más establecidos.
A15: 10 | B15: Mes 3 | C15: Especial: Top colección de Koko | D15: Multi-saga | E15: Varios | F15: Multi | G15: Varias | H15: — | I15: Varios | J15: Medley sugerido | K15: Planificado | L15: Cierre del trimestre. Convierte viewers en suscriptores.
... A25: 20 | B25: Mes 6 | C25: Especial: Mejor OST del semestre | D25: Multi-saga | E25: Varios | F25: Multi | G25: Varias | H25: — | I25: Varios | J25: Top votado por la audiencia (medley en batería) | K25: Planificado | L25: Cierre de los 6 meses. Audiencia vota mejor OST. Koko arma medley en batería.
A27: Filtrá por Generación, Saga, Consola o Año para reorganizar el catálogo. El asterisco (4*) indica una alternativa al mismo episodio. La hoja 'Resumen' tiene los conteos automáticos por dimensión.

Sheet Resumen
A1: RETROTARROS — Resumen del catálogo (6 meses)
A2: Conteos automáticos · si editas el catálogo, estos números se actualizan
A4: Por generación | D4: Compositores recurrentes
A5: Generación | B5: Episodios | D5: Compositor | E5: Apariciones
A6: 3ra (NES era) | B6: =COUNTIF(Catálogo!F:F, "3ra") | D6: Koji Kondo | E6: =COUNTIF(Catálogo!I:I, "*Koji Kondo*")
A7: 4ta (SNES / Genesis / Arcade) | B7: =COUNTIF(Catálogo!F:F, "4ta") | D7: Nobuo Uematsu | E7: =COUNTIF(Catálogo!I:I, "*Nobuo Uematsu*")
A8: 5ta (PS1 / N64) | B8: =COUNTIF(Catálogo!F:F, "5ta") | D8: Kinuyo Yamashita | E8: =COUNTIF(Catálogo!I:I, "*Kinuyo Yamashita*")
A9: Especiales (multi-gen) | B9: =COUNTIF(Catálogo!F:F, "Multi") | D9: Manami Matsumae | E9: =COUNTIF(Catálogo!I:I, "*Manami Matsumae*")
A10: Indie Lat (sin asignar) | B10: =COUNTIF(Catálogo!F:F, "—") | D10: Yasunori Mitsuda | E10: =COUNTIF(Catálogo!I:I, "*Mitsuda*")
A11: TOTAL episodios | B11: =COUNTA(Catálogo!C5:C25)-COUNTBLANK(Catálogo!F5:F25) | D11: Masato Nakamura | E11: =COUNTIF(Catálogo!I:I, "*Nakamura*")
D12: David Wise | E12: =COUNTIF(Catálogo!I:I, "*David Wise*")
A13: Por consola original | D13: Robin Beanland (Rare) | E13: =COUNTIF(Catálogo!I:I, "*Beanland*")
A14: Consola | B14: Episodios | D14: Michiru Yamane | E14: =COUNTIF(Catálogo!I:I, "*Yamane*")
A15: NES | B15: =COUNTIF(Catálogo!G:G, "NES") | D15: Jun Ishikawa | E15: =COUNTIF(Catálogo!I:I, "*Ishikawa*")
A16: SNES | B16: =COUNTIF(Catálogo!G:G, "SNES") | D16: Tappi Iwase / KCE | E16: =COUNTIF(Catálogo!I:I, "*Iwase*")
A17: Genesis | B17: =COUNTIF(Catálogo!G:G, "Genesis")
A18: Arcade | B18: =COUNTIF(Catálogo!G:G, "Arcade") | D18: Por mes
A19: PS1 | B19: =COUNTIF(Catálogo!G:G, "PS1") | D19: Mes | E19: Episodios
A20: N64 | B20: =COUNTIF(Catálogo!G:G, "N64") | D20: Mes 1 | E20: =COUNTIF(Catálogo!B:B, "Mes 1")
D21: Mes 2 | E21: =COUNTIF(Catálogo!B:B, "Mes 2")
A22: Por saga | D22: Mes 3 | E22: =COUNTIF(Catálogo!B:B, "Mes 3")
A23: Saga | B23: Episodios | D23: Mes 4 | E23: =COUNTIF(Catálogo!B:B, "Mes 4")
A24: Super Mario | B24: =COUNTIF(Catálogo!D:D, "Super Mario") | D24: Mes 5 | E24: =COUNTIF(Catálogo!B:B, "Mes 5")
A25: The Legend of Zelda | B25: =COUNTIF(Catálogo!D:D, "The Legend of Zelda") | D25: Mes 6 | E25: =COUNTIF(Catálogo!B:B, "Mes 6")
A26: Castlevania | B26: =COUNTIF(Catálogo!D:D, "Castlevania")
A27: Final Fantasy | B27: =COUNTIF(Catálogo!D:D, "Final Fantasy")
A28: Mega Man (clásico) | B28: =COUNTIF(Catálogo!D:D, "Mega Man (clásico)")
A29: Chrono | B29: =COUNTIF(Catálogo!D:D, "Chrono")
A30: Sonic | B30: =COUNTIF(Catálogo!D:D, "Sonic")
A31: Yoshi | B31: =COUNTIF(Catálogo!D:D, "Yoshi")
A32: Killer Instinct | B32: =COUNTIF(Catálogo!D:D, "Killer Instinct")
A33: Donkey Kong | B33: =COUNTIF(Catálogo!D:D, "Donkey Kong")
A34: Kirby | B34: =COUNTIF(Catálogo!D:D, "Kirby")
A35: Metal Gear | B35: =COUNTIF(Catálogo!D:D, "Metal Gear")
A38: Tip: si Koji Kondo aparece en 4 episodios, hay material natural para un short/especial sobre él. Lo mismo con cualquier saga/compositor que se repita: detecta el patrón con esta hoja antes de planear la calendarización.
